"","GO..","GO.name","change.in.expression..alarm.pher...control"
"1","GO:0009266","response to temperature stimulus","up"
"2","GO:0009408","response to heat","up"
"3","GO:0050896","response to stimulus","up"
"4","GO:0051082","unfolded protein binding","up"
"5","GO:0005515","protein binding","up"
"6","GO:0032501","multicellular organismal process","up"
"7","GO:0007154","cell communication","up"
"8","GO:0050877","neurological process","up"
"9","GO:0050962","detection of light stimulus during sensory perception","up"
"10","GO:0050908","detection of light stimulus during visual perception","up"
"11","GO:0009584","detection of visible light","up"
"12","GO:0009583","detection of light stimulus","up"
"13","GO:0009416","response to light stimulus","up"
"14","GO:0007601","visual perception","up"
"15","GO:0048699","generation of neurons","up"
"16","GO:0048856","anatomical structure development","up"
"17","GO:0042026","protein refolding","up"
"18","GO:0007165","signal transduction","up"
"19","GO:0019991","septate junction assembly","up"
"20","GO:0022008","neurogenesis","up"
"21","GO:0009581","detection of external stimulus","up"
"22","GO:0007610","behavior","up"
"23","GO:0007600","sensory perception","up"
"24","GO:0051606","detection of stimulus","up"
"25","GO:0004871","signal transducer activity","up"
"26","GO:0030674","protein binding, bridging","up"
"27","GO:0005070","SH3/SH2 adaptor activity","up"
"28","GO:0032502","developmental process","up"
"29","GO:0009314","response to radiation","up"
"30","GO:0045167","asymmetric protein localization during cell fate commitment","up"
"31","GO:0000902","cell morphogenesis","up"
"32","GO:0032989","cellular structure morphogenesis","up"
"33","GO:0009653","anatomical structure morphogenesis","up"
"34","GO:0042402","biogenic amine catabolic process","up"
"35","GO:0048522","positive regulation of cellular process","up"
"36","GO:0001584","rhodopsin-like receptor activity","up"
"37","GO:0060090","molecular adaptor activity","up"
"38","GO:0030182","neuron differentiation","up"
"39","GO:0008020","G-protein coupled photoreceptor activity","up"
"40","GO:0007043","intercellular junction assembly","up"
"41","GO:0016336","establishment and/or maintenance of polarity of larval imaginal disc epithelium","up"
"42","GO:0050789","regulation of biological process","up"
"43","GO:0042221","response to chemical stimulus","up"
"44","GO:0016334","establishment and/or maintenance of polarity of follicular epithelium","up"
"45","GO:0045216","intercellular junction assembly and maintenance","up"
"46","GO:0048667","neuron morphogenesis during differentiation","up"
"47","GO:0042434","indole derivative metabolic process","up"
"48","GO:0006586","indolalkylamine metabolic process","up"
"49","GO:0007223","Wnt receptor signaling pathway, calcium modulating pathway","up"
"50","GO:0042430","indole and derivative metabolic process","up"
"51","GO:0045175","basal protein localization","up"
"52","GO:0048666","neuron development","up"
"53","GO:0048858","cell projection morphogenesis","up"
"54","GO:0006576","biogenic amine metabolic process","up"
"55","GO:0030154","cell differentiation","up"
"56","GO:0065007","biological regulation","up"
"57","GO:0048869","cellular developmental process","up"
"58","GO:0004930","G-protein coupled receptor activity","up"
"59","GO:0051087","chaperone binding","up"
"60","GO:0009790","embryonic development","up"
"61","GO:0051247","positive regulation of protein metabolic process","up"
"62","GO:0016335","morphogenesis of larval imaginal disc epithelium","up"
"63","GO:0008062","eclosion rhythm","up"
"64","GO:0045196","establishment and/or maintenance of neuroblast polarity","up"
"65","GO:0005342","organic acid transmembrane transporter activity","up"
"66","GO:0046943","carboxylic acid transmembrane transporter activity","up"
"67","GO:0007417","central nervous system development","up"
"68","GO:0007186","G-protein coupled receptor protein signaling pathway","up"
"69","GO:0048813","dendrite morphogenesis","up"
"70","GO:0008105","asymmetric protein localization","up"
"71","GO:0048512","circadian behavior","up"
"72","GO:0016333","morphogenesis of follicular epithelium","up"
"73","GO:0004385","guanylate kinase activity","up"
"74","GO:0050794","regulation of cellular process","up"
"75","GO:0007028","cytoplasm organization and biogenesis","up"
"76","GO:0030431","sleep","up"
"77","GO:0006575","amino acid derivative metabolic process","up"
"78","GO:0007622","rhythmic behavior","up"
"79","GO:0045935","positive regulation of nucleobase, nucleoside, nucleotide and nucleic acid metabolic process","up"
"80","GO:0000904","cellular morphogenesis during differentiation","up"
"81","GO:0042133","neurotransmitter metabolic process","up"
"82","GO:0016332","establishment and/or maintenance of polarity of embryonic epithelium","up"
"83","GO:0016853","isomerase activity","up"
"84","GO:0022604","regulation of cell morphogenesis","up"
"85","GO:0022603","regulation of anatomical structure morphogenesis","up"
"86","GO:0008360","regulation of cell shape","up"
"87","GO:0004693","cyclin-dependent protein kinase activity","up"
"88","GO:0007465","R7 cell fate commitment","up"
"89","GO:0003990","acetylcholinesterase activity","up"
"90","GO:0008970","phospholipase A1 activity","up"
"91","GO:0003825","alpha,alpha-trehalose-phosphate synthase (UDP-forming) activity","up"
"92","GO:0008605","protein kinase CK2 regulator activity","up"
"93","GO:0003876","AMP deaminase activity","up"
"94","GO:0030295","protein kinase activator activity","up"
"95","GO:0016934","extracellular-glycine-gated chloride channel activity","up"
"96","GO:0045159","myosin II binding","up"
"97","GO:0051766","inositol trisphosphate kinase activity","up"
"98","GO:0004614","phosphoglucomutase activity","up"
"99","GO:0030296","protein tyrosine kinase activator activity","up"
"100","GO:0004104","cholinesterase activity","up"
"101","GO:0004512","inositol-3-phosphate synthase activity","up"
"102","GO:0019209","kinase activator activity","up"
"103","GO:0007623","circadian rhythm","up"
"104","GO:0048468","cell development","up"
"105","GO:0006569","tryptophan catabolic process","up"
"106","GO:0006581","acetylcholine catabolic process","up"
"107","GO:0035095","behavioral response to nicotine","up"
"108","GO:0046681","response to carbamate","up"
"109","GO:0046218","indolalkylamine catabolic process","up"
"110","GO:0042416","dopamine biosynthetic process","up"
"111","GO:0007162","negative regulation of cell adhesion","up"
"112","GO:0007630","jump response","up"
"113","GO:0042135","neurotransmitter catabolic process","up"
"114","GO:0019695","choline metabolic process","up"
"115","GO:0030709","border follicle cell delamination","up"
"116","GO:0006021","inositol biosynthetic process","up"
"117","GO:0006585","dopamine biosynthetic process from tyrosine","up"
"118","GO:0030710","regulation of border follicle cell delamination","up"
"119","GO:0042436","indole derivative catabolic process","up"
"120","GO:0042423","catecholamine biosynthetic process","up"
"121","GO:0031058","positive regulation of histone modification","up"
"122","GO:0003711","transcription elongation regulator activity","up"
"123","GO:0048511","rhythmic process","up"
"124","GO:0007562","eclosion","up"
"125","GO:0030865","cortical cytoskeleton organization and biogenesis","up"
"126","GO:0045186","zonula adherens assembly","up"
"127","GO:0030866","cortical actin cytoskeleton organization and biogenesis","up"
"128","GO:0019207","kinase regulator activity","up"
"129","GO:0009792","embryonic development ending in birth or egg hatching","up"
"130","GO:0008227","amine receptor activity","up"
"131","GO:0004888","transmembrane receptor activity","up"
"132","GO:0035188","hatching","up"
"133","GO:0004674","protein serine/threonine kinase activity","up"
"134","GO:0022834","ligand-gated channel activity","up"
"135","GO:0015276","ligand-gated ion channel activity","up"
"136","GO:0007243","protein kinase cascade","up"
"137","GO:0016301","kinase activity","up"
"138","GO:0046983","protein dimerization activity","up"
"139","GO:0007169","transmembrane receptor protein tyrosine kinase signaling pathway","up"
"140","GO:0035075","response to ecdysone","up"
"141","GO:0019201","nucleotide kinase activity","up"
"142","GO:0007268","synaptic transmission","up"
"143","GO:0002046","opsin binding","up"
"144","GO:0008353","RNA polymerase subunit kinase activity","up"
"145","GO:0004682","protein kinase CK2 activity","up"
"146","GO:0016030","metarhodopsin binding","up"
"147","GO:0016684","oxidoreductase activity, acting on peroxide as acceptor","up"
"148","GO:0004601","peroxidase activity","up"
"149","GO:0016209","antioxidant activity","up"
"150","GO:0048545","response to steroid hormone stimulus","up"
"151","GO:0009725","response to hormone stimulus","up"
"152","GO:0035069","larval midgut histolysis","up"
"153","GO:0008628","induction of apoptosis by hormones","up"
"154","GO:0006552","leucine catabolic process","up"
"155","GO:0035291","specification of segmental identity, intercalary segment","up"
"156","GO:0045932","negative regulation of muscle contraction","up"
"157","GO:0006782","protoporphyrinogen IX biosynthetic process","up"
"158","GO:0046501","protoporphyrinogen IX metabolic process","up"
"159","GO:0008624","induction of apoptosis by extracellular signals","up"
"160","GO:0035094","response to nicotine","up"
"161","GO:0050664","oxidoreductase activity, acting on NADH or NADPH, with oxygen as acceptor","up"
"162","GO:0004325","ferrochelatase activity","up"
"163","GO:0008470","isovaleryl-CoA dehydrogenase activity","up"
"164","GO:0008502","melatonin receptor activity","up"
"165","GO:0035013","myosuppressin receptor activity","up"
"166","GO:0016175","superoxide-generating NADPH oxidase activity","up"
"167","GO:0017159","pantetheinase activity","up"
"168","GO:0006937","regulation of muscle contraction","up"
"169","GO:0035203","regulation of lamellocyte differentiation","up"
"170","GO:0009083","branched chain family amino acid catabolic process","up"
"171","GO:0051241","negative regulation of multicellular organismal process","up"
"172","GO:0007380","specification of segmental identity, head","up"
"173","GO:0004523","ribonuclease H activity","up"
"174","GO:0007602","phototransduction","up"
"175","GO:0046148","pigment biosynthetic process","up"
"176","GO:0016060","metarhodopsin inactivation","up"
"177","GO:0042493","response to drug","up"
"178","GO:0006551","leucine metabolic process","up"
"179","GO:0006911","phagocytosis, engulfment","up"
"180","GO:0016062","adaptation of rhodopsin mediated signaling","up"
"181","GO:0022401","adaptation of signaling pathway","up"
"182","GO:0048732","gland development","up"
"183","GO:0050953","sensory perception of light stimulus","up"
"184","GO:0003841","1-acylglycerol-3-phosphate O-acyltransferase activity","up"
"185","GO:0008431","vitamin E binding","up"
"186","GO:0016511","endothelin-converting enzyme activity","up"
"187","GO:0008499","UDP-galactose:beta-N-acetylglucosamine beta-1,3-galactosyltransferase activity","up"
"188","GO:0009582","detection of abiotic stimulus","up"
"189","GO:0050906","detection of stimulus during sensory perception","up"
"190","GO:0006350","transcription","up"
"191","GO:0042440","pigment metabolic process","up"
"192","GO:0035289","posterior head segmentation","up"
"193","GO:0009081","branched chain family amino acid metabolic process","up"
"194","GO:0016063","rhodopsin biosynthetic process","up"
"195","GO:0035288","anterior head segmentation","up"
"196","GO:0035072","ecdysone-mediated induction of salivary gland cell autophagic cell death","up"
"197","GO:0046154","rhodopsin metabolic process","up"
"198","GO:0048531","beta-1,3-galactosyltransferase activity","up"
"199","GO:0035250","UDP-galactosyltransferase activity","up"
"200","GO:0016411","acylglycerol O-acyltransferase activity","up"
"201","GO:0006351","transcription, DNA-dependent","up"
"202","GO:0032774","RNA biosynthetic process","up"
"203","GO:0004872","receptor activity","up"
"204","GO:0006909","phagocytosis","up"
"205","GO:0035078","induction of programmed cell death by ecdysone","up"
"206","GO:0035081","induction of programmed cell death by hormones","up"
"207","GO:0009608","response to symbiont","up"
"208","GO:0035071","salivary gland cell autophagic cell death","up"
"209","GO:0048102","autophagic cell death","up"
"210","GO:0035070","salivary gland histolysis","up"
"211","GO:0016271","tissue death","up"
"212","GO:0051707","response to other organism","up"
"213","GO:0007559","histolysis","up"
"214","GO:0006952","defense response","up"
"215","GO:0035287","head segmentation","up"
"216","GO:0035171","lamellocyte differentiation","up"
"217","GO:0048148","behavioral response to cocaine","up"
"218","GO:0009607","response to biotic stimulus","up"
"219","GO:0019748","secondary metabolic process","up"
"220","GO:0005501","retinoid binding","up"
"221","GO:0003995","acyl-CoA dehydrogenase activity","up"
"222","GO:0019842","vitamin binding","up"
"223","GO:0019840","isoprenoid binding","up"
"224","GO:0008378","galactosyltransferase activity","up"
"225","GO:0044238","primary metabolic process","up"
"226","GO:0048489","synaptic vesicle transport","up"
"227","GO:0016742","hydroxymethyl-, formyl- and related transferase activity","up"
"228","GO:0004683","calmodulin-dependent protein kinase activity","up"
"229","GO:0045055","regulated secretory pathway","up"
"230","GO:0007269","neurotransmitter secretion","up"
"231","GO:0003001","generation of a signal involved in cell-cell signaling","up"
"232","GO:0016192","vesicle-mediated transport","up"
"233","GO:0004372","glycine hydroxymethyltransferase activity","up"
"234","GO:0016052","carbohydrate catabolic process","up"
"235","GO:0001505","regulation of neurotransmitter levels","up"
"236","GO:0019226","transmission of nerve impulse","up"
"237","GO:0007267","cell-cell signaling","up"
"238","GO:0008083","growth factor activity","up"
"239","GO:0010324","membrane invagination","up"
"240","GO:0006897","endocytosis","up"
"241","GO:0008144","drug binding","up"
"242","GO:0045446","endothelial cell differentiation","up"
"243","GO:0001885","endothelial cell development","up"
"244","GO:0008362","chitin-based embryonic cuticle biosynthetic process","up"
"245","GO:0007286","spermatid development","up"
"246","GO:0048515","spermatid differentiation","up"
"247","GO:0048488","synaptic vesicle endocytosis","up"
"248","GO:0045045","secretory pathway","up"
"249","GO:0032940","secretion by cell","up"
"250","GO:0005488","binding","up"
"251","GO:0046903","secretion","up"
"252","GO:0007016","cytoskeletal anchoring","up"
"253","GO:0006893","Golgi to plasma membrane transport","up"
"254","GO:0009253","peptidoglycan catabolic process","up"
"255","GO:0000270","peptidoglycan metabolic process","up"
"256","GO:0007272","ensheathment of neurons","up"
"257","GO:0042304","regulation of fatty acid biosynthetic process","up"
"258","GO:0043570","maintenance of DNA repeat elements","up"
"259","GO:0007000","nucleolus organization and biogenesis","up"
"260","GO:0001508","regulation of action potential","up"
"261","GO:0017126","nucleologenesis","up"
"262","GO:0007496","anterior midgut development","up"
"263","GO:0015718","monocarboxylic acid transport","up"
"264","GO:0007215","glutamate signaling pathway","up"
"265","GO:0008366","axon ensheathment","up"
"266","GO:0019217","regulation of fatty acid metabolic process","up"
"267","GO:0015734","taurine transport","up"
"268","GO:0048491","retrograde synaptic vesicle transport","up"
"269","GO:0007216","metabotropic glutamate receptor signaling pathway","up"
"270","GO:0008084","imaginal disc growth factor activity","up"
"271","GO:0015183","L-aspartate transmembrane transporter activity","up"
"272","GO:0008432","JUN kinase binding","up"
"273","GO:0004170","dUTP diphosphatase activity","up"
"274","GO:0016018","cyclosporin A binding","up"
"275","GO:0004637","phosphoribosylamine-glycine ligase activity","up"
"276","GO:0008269","JAK pathway signal transduction adaptor activity","up"
"277","GO:0005368","taurine transmembrane transporter activity","up"
"278","GO:0004641","phosphoribosylformylglycinamidine cyclo-ligase activity","up"
"279","GO:0008449","N-acetylglucosamine-6-sulfatase activity","up"
"280","GO:0016882","cyclo-ligase activity","up"
"281","GO:0004396","hexokinase activity","up"
"282","GO:0005369","taurine:sodium symporter activity","up"
"283","GO:0003937","IMP cyclohydrolase activity","up"
"284","GO:0004332","fructose-bisphosphate aldolase activity","up"
"285","GO:0004516","nicotinate phosphoribosyltransferase activity","up"
"286","GO:0047429","nucleoside-triphosphate diphosphatase activity","up"
"287","GO:0004491","methylmalonate-semialdehyde dehydrogenase (acylating) activity","up"
"288","GO:0004644","phosphoribosylglycinamide formyltransferase activity","up"
"289","GO:0004689","phosphorylase kinase activity","up"
"290","GO:0004643","phosphoribosylaminoimidazolecarboxamide formyltransferase activity","up"
"291","GO:0046365","monosaccharide catabolic process","up"
"292","GO:0006007","glucose catabolic process","up"
"293","GO:0046164","alcohol catabolic process","up"
"294","GO:0019320","hexose catabolic process","up"
"295","GO:0016814","hydrolase activity, acting on carbon-nitrogen (but not peptide) bonds, in cyclic amidines","up"
"296","GO:0006006","glucose metabolic process","up"
"297","GO:0016044","membrane organization and biogenesis","up"
"298","GO:0008066","glutamate receptor activity","up"
"299","GO:0016079","synaptic vesicle exocytosis","up"
"300","GO:0044275","cellular carbohydrate catabolic process","up"
"301","GO:0051234","establishment of localization","up"
"302","GO:0003755","peptidyl-prolyl cis-trans isomerase activity","up"
"303","GO:0007498","mesoderm development","up"
"304","GO:0008586","imaginal disc-derived wing vein morphogenesis","up"
"305","GO:0006066","alcohol metabolic process","up"
"306","GO:0046890","regulation of lipid biosynthetic process","up"
"307","GO:0006573","valine metabolic process","up"
"308","GO:0035321","maintenance of imaginal disc-derived wing hair orientation","up"
"309","GO:0048490","anterograde synaptic vesicle transport","up"
"310","GO:0019896","axon transport of mitochondrion","up"
"311","GO:0006301","postreplication repair","up"
"312","GO:0005975","carbohydrate metabolic process","up"
"313","GO:0016859","cis-trans isomerase activity","up"
"314","GO:0006887","exocytosis","up"
"315","GO:0015172","acidic amino acid transmembrane transporter activity","up"
"316","GO:0004686","eukaryotic elongation factor-2 kinase activity","up"
"317","GO:0008523","sodium-dependent multivitamin transmembrane transporter activity","up"
"318","GO:0004863","diacylglycerol-activated phospholipid-dependent protein kinase C inhibitor activity","up"
"319","GO:0008268","receptor signaling protein tyrosine kinase signaling protein activity","up"
"320","GO:0008426","protein kinase C inhibitor activity","up"
"321","GO:0008603","cAMP-dependent protein kinase regulator activity","up"
"322","GO:0030898","actin-dependent ATPase activity","up"
"323","GO:0008451","X-Pro aminopeptidase activity","up"
"324","GO:0005313","L-glutamate transmembrane transporter activity","up"
"325","GO:0015501","glutamate:sodium symporter activity","up"
"326","GO:0042834","peptidoglycan binding","up"
"327","GO:0005092","GDP-dissociation inhibitor activity","up"
"328","GO:0008475","procollagen-lysine 5-dioxygenase activity","up"
"329","GO:0009888","tissue development","up"
"330","GO:0051649","establishment of cellular localization","up"
"331","GO:0006810","transport","up"
"332","GO:0007294","germarium-derived oocyte fate determination","up"
"333","GO:0030706","germarium-derived oocyte differentiation","up"
"334","GO:0007592","protein-based cuticle development","up"
"335","GO:0040003","chitin-based cuticle development","up"
"336","GO:0051641","cellular localization","up"
"337","GO:0030716","oocyte fate determination","up"
"338","GO:0048731","system development","up"
"339","GO:0003777","microtubule motor activity","up"
"340","GO:0008291","acetylcholine metabolic process","up"
"341","GO:0003774","motor activity","up"
"342","GO:0009593","detection of chemical stimulus","up"
"343","GO:0007018","microtubule-based movement","up"
"344","GO:0042439","ethanolamine and derivative metabolic process","up"
"345","GO:0030705","cytoskeleton-dependent intracellular transport","up"
"346","GO:0016830","carbon-carbon lyase activity","up"
"347","GO:0035058","sensory cilium biogenesis","up"
"348","GO:0042384","cilium biogenesis","up"
"349","GO:0009628","response to abiotic stimulus","up"
"350","GO:0009605","response to external stimulus","up"
"351","GO:0006519","amino acid and derivative metabolic process","up"
"352","GO:0009308","amine metabolic process","up"
"353","GO:0016831","carboxy-lyase activity","up"
"354","GO:0006807","nitrogen compound metabolic process","up"
"355","GO:0004398","histidine decarboxylase activity","up"
"356","GO:0043621","protein self-association","up"
"357","GO:0017130","poly(rC) binding","up"
"358","GO:0004139","deoxyribose-phosphate aldolase activity","up"
"359","GO:0004102","choline O-acetyltransferase activity","up"
"360","GO:0004068","aspartate 1-decarboxylase activity","up"
"361","GO:0009310","amine catabolic process","up"
"362","GO:0044270","nitrogen compound catabolic process","up"
"363","GO:0042426","choline catabolic process","up"
"364","GO:0046113","nucleobase catabolic process","up"
"365","GO:0019795","nonprotein amino acid biosynthetic process","up"
"366","GO:0008292","acetylcholine biosynthetic process","up"
"367","GO:0019482","beta-alanine metabolic process","up"
"368","GO:0008090","retrograde axon cargo transport","up"
"369","GO:0050911","detection of chemical stimulus during sensory perception of smell","up"
"370","GO:0050907","detection of chemical stimulus during sensory perception","up"
"371","GO:0006212","uracil catabolic process","up"
"372","GO:0006208","pyrimidine base catabolic process","up"
"373","GO:0009594","detection of nutrient","up"
"374","GO:0019860","uracil metabolic process","up"
"375","GO:0019483","beta-alanine biosynthetic process","up"
"376","GO:0046683","response to organophosphorus","up"
"377","GO:0016407","acetyltransferase activity","up"
"378","GO:0007017","microtubule-based process","up"
"379","GO:0016829","lyase activity","up"
"380","GO:0009309","amine biosynthetic process","up"
"381","GO:0044271","nitrogen compound biosynthetic process","up"
"382","GO:0004351","glutamate decarboxylase activity","up"
"383","GO:0008569","minus-end-directed microtubule motor activity","up"
"384","GO:0016413","O-acetyltransferase activity","up"
"385","GO:0004596","peptide alpha-N-acetyltransferase activity","up"
"386","GO:0032837","distributive segregation","up"
"387","GO:0035087","RNA interference, siRNA loading onto RISC","up"
"388","GO:0019794","nonprotein amino acid metabolic process","up"
"389","GO:0051607","defense response to virus","up"
"390","GO:0007010","cytoskeleton organization and biogenesis","up"
"391","GO:0030031","cell projection biogenesis","up"
"392","GO:0016232","HNK-1 sulfotransferase activity","up"
"393","GO:0045502","dynein binding","up"
"394","GO:0006996","organelle organization and biogenesis","up"
"395","GO:0046622","positive regulation of organ size","up"
"396","GO:0030422","RNA interference, production of siRNA","up"
"397","GO:0009615","response to virus","up"
"398","GO:0007056","spindle assembly involved in female meiosis","up"
"399","GO:0006338","chromatin remodeling","up"
"400","GO:0009881","photoreceptor activity","up"
"401","GO:0005283","sodium:amino acid symporter activity","up"
"402","GO:0016832","aldehyde-lyase activity","up"
"403","GO:0005343","organic acid:sodium symporter activity","up"
"404","GO:0035082","axoneme biogenesis","up"
"405","GO:0007288","sperm axoneme assembly","up"
"406","GO:0009112","nucleobase metabolic process","up"
"407","GO:0000212","meiotic spindle organization and biogenesis","up"
"408","GO:0030423","RNA interference, targeting of mRNA for destruction","up"
"409","GO:0000022","mitotic spindle elongation","up"
"410","GO:0035084","flagellum axoneme biogenesis","up"
"411","GO:0016330","second mitotic wave during compound eye morphogenesis","up"
"412","GO:0006206","pyrimidine base metabolic process","up"
"413","GO:0001578","microtubule bundle formation","up"
"414","GO:0042051","compound eye photoreceptor development","up"
"415","GO:0042462","eye photoreceptor cell development","up"
"416","GO:0004984","olfactory receptor activity","up"
"417","GO:0008594","photoreceptor cell morphogenesis","up"
"418","GO:0051231","spindle elongation","up"
"419","GO:0043064","flagellum organization and biogenesis","up"
"420","GO:0007100","mitotic centrosome separation","up"
"421","GO:0042219","amino acid derivative catabolic process","up"
"422","GO:0009296","flagellum biogenesis","up"
"423","GO:0044248","cellular catabolic process","up"
"424","GO:0042461","photoreceptor cell development","up"
"425","GO:0008415","acyltransferase activity","up"
"426","GO:0016747","transferase activity, transferring groups other than amino-acyl groups","up"
"427","GO:0015179","L-amino acid transmembrane transporter activity","up"
"428","GO:0005328","neurotransmitter:sodium symporter activity","up"
"429","GO:0009056","catabolic process","up"
"430","GO:0043331","response to dsRNA","up"
"431","GO:0031050","dsRNA fragmentation","up"
"432","GO:0017085","response to insecticide","up"
"433","GO:0040018","positive regulation of body size","up"
"434","GO:0042136","neurotransmitter biosynthetic process","up"
"435","GO:0046907","intracellular transport","up"
"436","GO:0016568","chromatin modification","up"
"437","GO:0005416","cation:amino acid symporter activity","up"
"438","GO:0016746","transferase activity, transferring acyl groups","up"
"439","GO:0042331","phototaxis","up"
"440","GO:0015849","organic acid transport","up"
"441","GO:0009453","energy taxis","up"
"442","GO:0046942","carboxylic acid transport","up"
"443","GO:0007632","visual behavior","up"
"444","GO:0051225","spindle assembly","up"
"445","GO:0009636","response to toxin","up"
"446","GO:0008088","axon cargo transport","up"
"447","GO:0016043","cellular component organization and biogenesis","up"
"448","GO:0016579","protein deubiquitination","up"
"449","GO:0004843","ubiquitin-specific protease activity","up"
"450","GO:0019783","small conjugating protein-specific protease activity","up"
"451","GO:0019932","second-messenger-mediated signaling","up"
"452","GO:0009586","rhodopsin mediated phototransduction","up"
"453","GO:0008086","light-activated voltage-gated calcium channel activity","up"
"454","GO:0008234","cysteine-type peptidase activity","up"
"455","GO:0009987","cellular process","up"
"456","GO:0004386","helicase activity","up"
"457","GO:0016059","deactivation of rhodopsin mediated signaling","up"
"458","GO:0009589","detection of UV","up"
"459","GO:0007604","phototransduction, UV","up"
"460","GO:0051276","chromosome organization and biogenesis","up"
"461","GO:0007275","multicellular organismal development","up"
"462","GO:0015279","store-operated calcium channel activity","up"
"463","GO:0042799","histone lysine N-methyltransferase activity (H4-K20 specific)","up"
"464","GO:0015631","tubulin binding","up"
"465","GO:0005245","voltage-gated calcium channel activity","up"
"466","GO:0030261","chromosome condensation","up"
"467","GO:0043687","post-translational protein modification","up"
"468","GO:0007349","cellularization","up"
"469","GO:0006508","proteolysis","up"
"470","GO:0007242","intracellular signaling cascade","up"
"471","GO:0009411","response to UV","up"
"472","GO:0019722","calcium-mediated signaling","up"
"473","GO:0007291","sperm individualization","up"
"474","GO:0032027","myosin light chain binding","up"
"475","GO:0043412","biopolymer modification","up"
"476","GO:0019538","protein metabolic process","up"
"477","GO:0051248","negative regulation of protein metabolic process","up"
"478","GO:0046425","regulation of JAK-STAT cascade","up"
"479","GO:0008632","apoptotic program","up"
"480","GO:0003824","catalytic activity","up"
"481","GO:0008277","regulation of G-protein coupled receptor protein signaling pathway","up"
"482","GO:0051179","localization","up"
"483","GO:0007001","chromosome organization and biogenesis (sensu Eukaryota)","up"
"484","GO:0008017","microtubule binding","up"
"485","GO:0009966","regulation of signal transduction","up"
"486","GO:0006892","post-Golgi vesicle-mediated transport","up"
"487","GO:0051246","regulation of protein metabolic process","up"
"488","GO:0006464","protein modification process","up"
"489","GO:0008092","cytoskeletal protein binding","up"
"490","GO:0044267","cellular protein metabolic process","up"
"491","GO:0007611","learning and/or memory","up"
"492","GO:0009968","negative regulation of signal transduction","up"
"493","GO:0003678","DNA helicase activity","up"
"494","GO:0008170","N-methyltransferase activity","up"
"495","GO:0006512","ubiquitin cycle","up"
"496","GO:0016246","RNA interference","up"
"497","GO:0044260","cellular macromolecule metabolic process","up"
"498","GO:0007200","G-protein signaling, coupled to IP3 second messenger (phospholipase C activating)","up"
"499","GO:0006267","pre-replicative complex assembly","up"
"500","GO:0040001","establishment of mitotic spindle localization","up"
"501","GO:0048015","phosphoinositide-mediated signaling","up"
"502","GO:0005516","calmodulin binding","up"
"503","GO:0051049","regulation of transport","up"
"504","GO:0045475","locomotor rhythm","up"
"505","GO:0065008","regulation of biological quality","up"
"506","GO:0008187","poly-pyrimidine tract binding","up"
"507","GO:0004221","ubiquitin thiolesterase activity","up"
"508","GO:0022618","protein-RNA complex assembly","up"
"509","GO:0048523","negative regulation of cellular process","up"
"510","GO:0016477","cell migration","up"
"511","GO:0005262","calcium channel activity","up"
"512","GO:0006928","cell motility","up"
"513","GO:0006473","protein amino acid acetylation","up"
"514","GO:0051336","regulation of hydrolase activity","up"
"515","GO:0016573","histone acetylation","up"
"516","GO:0022607","cellular component assembly","up"
"517","GO:0007613","memory","up"
"518","GO:0016614","oxidoreductase activity, acting on CH-OH group of donors","up"
"519","GO:0043566","structure-specific DNA binding","up"
"520","GO:0003697","single-stranded DNA binding","up"
"521","GO:0048519","negative regulation of biological process","up"
"522","GO:0040029","regulation of gene expression, epigenetic","up"
"523","GO:0007626","locomotory behavior","up"
"524","GO:0022613","ribonucleoprotein complex biogenesis and assembly","up"
"525","GO:0051674","localization of cell","up"
"526","GO:0031057","negative regulation of histone modification","up"
"527","GO:0007185","transmembrane receptor protein tyrosine phosphatase signaling pathway","up"
"528","GO:0007493","endodermal cell fate determination","up"
"529","GO:0001711","endodermal cell fate commitment","up"
"530","GO:0035279","miRNA-mediated gene silencing, mRNA cleavage","up"
"531","GO:0042362","fat-soluble vitamin biosynthetic process","up"
"532","GO:0016039","absorption of UV light","up"
"533","GO:0046856","phosphoinositide dephosphorylation","up"
"534","GO:0016119","carotene metabolic process","up"
"535","GO:0009894","regulation of catabolic process","up"
"536","GO:0006776","vitamin A metabolic process","up"
"537","GO:0046839","phospholipid dephosphorylation","up"
"538","GO:0006424","glutamyl-tRNA aminoacylation","up"
"539","GO:0006775","fat-soluble vitamin metabolic process","up"
"540","GO:0016320","endoplasmic reticulum membrane fusion","up"
"541","GO:0008583","mystery cell fate differentiation","up"
"542","GO:0043558","regulation of translation initiation in response to stress","up"
"543","GO:0043555","regulation of translation in response to stress","up"
"544","GO:0051346","negative regulation of hydrolase activity","up"
"545","GO:0001706","endoderm formation","up"
"546","GO:0030845","phospholipase C inhibition","up"
"547","GO:0051789","response to protein stimulus","up"
"548","GO:0006986","response to unfolded protein","up"
"549","GO:0006687","glycosphingolipid metabolic process","up"
"550","GO:0042176","regulation of protein catabolic process","up"
"551","GO:0006688","glycosphingolipid biosynthetic process","up"
"552","GO:0035238","vitamin A biosynthetic process","up"
"553","GO:0035067","negative regulation of histone acetylation","up"
"554","GO:0045217","intercellular junction maintenance","up"
"555","GO:0007029","endoplasmic reticulum organization and biogenesis","up"
"556","GO:0007492","endoderm development","up"
"557","GO:0016569","covalent chromatin modification","up"
"558","GO:0016570","histone modification","up"
"559","GO:0008270","zinc ion binding","up"
"560","GO:0008581","ubiquitin-specific protease 5 activity","up"
"561","GO:0046987","N-acetyllactosamine beta-1,3-glucuronosyltransferase activity","up"
"562","GO:0042708","elastase activity","up"
"563","GO:0004246","peptidyl-dipeptidase A activity","up"
"564","GO:0017151","DEAD/H-box RNA helicase binding","up"
"565","GO:0008139","nuclear localization sequence binding","up"
"566","GO:0016316","phosphatidylinositol-3,4-bisphosphate 4-phosphatase activity","up"
"567","GO:0016872","intramolecular lyase activity","up"
"568","GO:0004504","peptidylglycine monooxygenase activity","up"
"569","GO:0008506","sucrose:hydrogen symporter activity","up"
"570","GO:0004809","tRNA (guanine-N2-)-methyltransferase activity","up"
"571","GO:0004080","biotin-[propionyl-CoA-carboxylase (ATP-hydrolyzing)] ligase activity","up"
"572","GO:0003894","zeta DNA polymerase activity","up"
"573","GO:0008241","peptidyl-dipeptidase activity","up"
"574","GO:0004727","prenylated protein tyrosine phosphatase activity","up"
"575","GO:0008515","sucrose transmembrane transporter activity","up"
"576","GO:0018271","biotin-protein ligase activity","up"
"577","GO:0003938","IMP dehydrogenase activity","up"
"578","GO:0008846","endopeptidase La activity","up"
"579","GO:0004696","glycogen synthase kinase 3 activity","up"
"580","GO:0019841","retinol binding","up"
"581","GO:0005007","fibroblast growth factor receptor activity","up"
"582","GO:0004850","uridine phosphorylase activity","up"
"583","GO:0015154","disaccharide transmembrane transporter activity","up"
"584","GO:0046988","asioloorosomucoid beta-1,3-glucuronosyltransferase activity","up"
"585","GO:0004345","glucose-6-phosphate dehydrogenase activity","up"
"586","GO:0005402","cation:sugar symporter activity","up"
"587","GO:0004598","peptidylamidoglycolate lyase activity","up"
"588","GO:0008132","pancreatic elastase activity","up"
"589","GO:0035198","miRNA binding","up"
"590","GO:0046989","galactosyl beta-1,3 N-acetylgalactosamine beta-1,3-glucuronosyltransferase activity","up"
"591","GO:0005403","hydrogen:sugar symporter activity","up"
"592","GO:0008430","selenium binding","up"
"593","GO:0001965","G-protein alpha-subunit binding","up"
"594","GO:0009057","macromolecule catabolic process","up"
"595","GO:0032386","regulation of intracellular transport","up"
"596","GO:0042306","regulation of protein import into nucleus","up"
"597","GO:0051293","establishment of spindle localization","up"
"598","GO:0033157","regulation of intracellular protein transport","up"
"599","GO:0051653","spindle localization","up"
"600","GO:0000226","microtubule cytoskeleton organization and biogenesis","up"
"601","GO:0006323","DNA packaging","up"
"602","GO:0006325","establishment and/or maintenance of chromatin architecture","up"
"603","GO:0016441","posttranscriptional gene silencing","up"
"604","GO:0035194","RNA-mediated posttranscriptional gene silencing","up"
"605","GO:0031047","RNA-mediated gene silencing","up"
"606","GO:0000381","regulation of alternative nuclear mRNA splicing, via spliceosome","up"
"607","GO:0018024","histone-lysine N-methyltransferase activity","up"
"608","GO:0016278","lysine N-methyltransferase activity","up"
"609","GO:0016279","protein-lysine N-methyltransferase activity","up"
"610","GO:0003779","actin binding","up"
"611","GO:0008233","peptidase activity","up"
"612","GO:0007274","neuromuscular synaptic transmission","up"
"613","GO:0007009","plasma membrane organization and biogenesis","up"
"614","GO:0050807","regulation of synapse structure","up"
"615","GO:0007612","learning","up"
"616","GO:0016287","glycerone-phosphate O-acyltransferase activity","up"
"617","GO:0042654","ecdysis-triggering hormone receptor activity","up"
"618","GO:0003878","ATP citrate synthase activity","up"
"619","GO:0019909","[pyruvate dehydrogenase (lipoamide)] phosphatase regulator activity","up"
"620","GO:0008332","low voltage-gated calcium channel activity","up"
"621","GO:0048104","establishment of body hair or bristle orientation","up"
"622","GO:0048073","regulation of eye pigmentation","up"
"623","GO:0006273","lagging strand elongation","up"
"624","GO:0006101","citrate metabolic process","up"
"625","GO:0048076","regulation of compound eye pigmentation","up"
"626","GO:0050941","negative regulation of pigment cell differentiation","up"
"627","GO:0032185","septin cytoskeleton organization and biogenesis","up"
"628","GO:0050932","regulation of pigment cell differentiation","up"
"629","GO:0035106","operant conditioning","up"
"630","GO:0048106","establishment of body bristle orientation","up"
"631","GO:0031106","septin ring organization","up"
"632","GO:0048505","regulation of timing of cell differentiation","up"
"633","GO:0050803","regulation of synapse structure and activity","up"
"634","GO:0006261","DNA-dependent DNA replication","up"
"635","GO:0046530","photoreceptor cell differentiation","up"
"636","GO:0046912","transferase activity, transferring acyl groups, acyl groups converted into alkyl on transfer","up"
"637","GO:0015295","solute:hydrogen symporter activity","up"
"638","GO:0008297","single-stranded DNA specific exodeoxyribonuclease activity","up"
"639","GO:0005351","sugar:hydrogen ion symporter activity","up"
"640","GO:0004711","ribosomal protein S6 kinase activity","up"
"641","GO:0004366","glycerol-3-phosphate O-acyltransferase activity","up"
"642","GO:0016933","extracellular-glycine-gated ion channel activity","up"
"643","GO:0003891","delta DNA polymerase activity","up"
"644","GO:0031202","RNA splicing factor activity, transesterification mechanism","up"
"645","GO:0006085","acetyl-CoA biosynthetic process","up"
"646","GO:0050931","pigment cell differentiation","up"
"647","GO:0031646","positive regulation of neurological process","up"
"648","GO:0051971","positive regulation of transmission of nerve impulse","up"
"649","GO:0006272","leading strand elongation","up"
"650","GO:0007202","phospholipase C activation","up"
"651","GO:0016601","Rac protein signal transduction","up"
"652","GO:0016198","axon choice point recognition","up"
"653","GO:0016199","axon midline choice point recognition","up"
"654","GO:0050806","positive regulation of synaptic transmission","up"
"655","GO:0008302","ring canal formation, actin assembly","up"
"656","GO:0042062","long-term strengthening of neuromuscular junction","up"
"657","GO:0007265","Ras protein signal transduction","up"
"658","GO:0051128","regulation of cellular component organization and biogenesis","up"
"659","GO:0007264","small GTPase mediated signal transduction","up"
"660","GO:0004972","N-methyl-D-aspartate selective glutamate receptor activity","up"
"661","GO:0004652","polynucleotide adenylyltransferase activity","up"
"662","GO:0004090","carbonyl reductase (NADPH) activity","up"
"663","GO:0043015","gamma-tubulin binding","up"
"664","GO:0010259","multicellular organismal aging","up"
"665","GO:0007568","aging","up"
"666","GO:0008355","olfactory learning","up"
"667","GO:0008340","determination of adult life span","up"
"668","GO:0007391","dorsal closure","up"
"669","GO:0006260","DNA replication","up"
"670","GO:0051493","regulation of cytoskeleton organization and biogenesis","up"
"671","GO:0042679","compound eye cone cell fate specification","up"
"672","GO:0048070","regulation of developmental pigmentation","up"
"673","GO:0033043","regulation of organelle organization and biogenesis","up"
"674","GO:0030308","negative regulation of cell growth","up"
"675","GO:0042682","regulation of compound eye cone cell fate specification","up"
"676","GO:0030035","microspike biogenesis","up"
"677","GO:0042683","negative regulation of compound eye cone cell fate specification","up"
"678","GO:0051345","positive regulation of hydrolase activity","up"
"679","GO:0046847","filopodium formation","up"
"680","GO:0030721","spectrosome organization and biogenesis","up"
"681","GO:0006100","tricarboxylic acid cycle intermediate metabolic process","up"
"682","GO:0032231","regulation of actin filament bundle formation","up"
"683","GO:0006606","protein import into nucleus","up"
"684","GO:0017038","protein import","up"
"685","GO:0004004","ATP-dependent RNA helicase activity","up"
"686","GO:0008186","RNA-dependent ATPase activity","up"
"687","GO:0051170","nuclear import","up"
"688","GO:0008283","cell proliferation","up"
"689","GO:0016049","cell growth","up"
"690","GO:0001745","compound eye morphogenesis","up"
"691","GO:0030032","lamellipodium biogenesis","up"
"692","GO:0050804","regulation of synaptic transmission","up"
"693","GO:0007319","negative regulation of oskar mRNA translation","up"
"694","GO:0046626","regulation of insulin receptor signaling pathway","up"
"695","GO:0009566","fertilization","up"
"696","GO:0031644","regulation of neurological process","up"
"697","GO:0030725","ring canal formation","up"
"698","GO:0046533","negative regulation of photoreceptor cell differentiation","up"
"699","GO:0042308","negative regulation of protein import into nucleus","up"
"700","GO:0043063","intercellular bridge organization and biogenesis","up"
"701","GO:0046627","negative regulation of insulin receptor signaling pathway","up"
"702","GO:0007301","ovarian ring canal formation","up"
"703","GO:0008306","associative learning","up"
"704","GO:0051969","regulation of transmission of nerve impulse","up"
"705","GO:0045198","establishment of epithelial cell polarity","up"
"706","GO:0046330","positive regulation of JNK cascade","up"
"707","GO:0035089","establishment of apical/basal cell polarity","up"
"708","GO:0030859","polarized epithelial cell differentiation","up"
"709","GO:0008361","regulation of cell size","up"
"710","GO:0006457","protein folding","up"
"711","GO:0045839","negative regulation of mitosis","up"
"712","GO:0042045","epithelial fluid transport","up"
"713","GO:0048065","male courtship behavior, veined wing extension","up"
"714","GO:0005528","FK506 binding","up"
"715","GO:0005527","macrolide binding","up"
"716","GO:0019238","cyclohydrolase activity","up"
"717","GO:0006865","amino acid transport","up"
"718","GO:0015837","amine transport","up"
"719","GO:0007617","mating behavior","up"
"720","GO:0051705","behavioral interaction between organisms","up"
"721","GO:0007619","courtship behavior","up"
"722","GO:0008513","secondary active organic cation transmembrane transporter activity","up"
"723","GO:0007088","regulation of mitosis","up"
"724","GO:0042044","fluid transport","up"
"725","GO:0019887","protein kinase regulator activity","up"
"726","GO:0008049","male courtship behavior","up"
"727","GO:0019098","reproductive behavior","up"
"728","GO:0007618","mating","up"
"729","GO:0045786","negative regulation of progression through cell cycle","up"
"730","GO:0006665","sphingolipid metabolic process","up"
"731","GO:0007096","regulation of exit from mitosis","up"
"732","GO:0015101","organic cation transmembrane transporter activity","up"
"733","GO:0042578","phosphoric ester hydrolase activity","up"
"734","GO:0033057","reproductive behavior in a multicellular organism","up"
"735","GO:0016620","oxidoreductase activity, acting on the aldehyde or oxo group of donors, NAD or NADP as acceptor","up"
"736","GO:0008104","protein localization","up"
"737","GO:0000054","ribosome export from nucleus","up"
"738","GO:0042632","cholesterol homeostasis","up"
"739","GO:0006265","DNA topological change","up"
"740","GO:0050678","regulation of epithelial cell proliferation","up"
"741","GO:0015807","L-amino acid transport","up"
"742","GO:0045841","negative regulation of mitotic metaphase/anaphase transition","up"
"743","GO:0000055","ribosomal large subunit export from nucleus","up"
"744","GO:0000101","sulfur amino acid transport","up"
"745","GO:0015811","L-cystine transport","up"
"746","GO:0006939","smooth muscle contraction","up"
"747","GO:0050673","epithelial cell proliferation","up"
"748","GO:0045218","zonula adherens maintenance","up"
"749","GO:0050680","negative regulation of epithelial cell proliferation","up"
"750","GO:0003729","mRNA binding","up"
"751","GO:0008440","inositol trisphosphate 3-kinase activity","up"
"752","GO:0008113","protein-methionine-S-oxide reductase activity","up"
"753","GO:0030507","spectrin binding","up"
"754","GO:0003958","NADPH-hemoprotein reductase activity","up"
"755","GO:0015184","L-cystine transmembrane transporter activity","up"
"756","GO:0003933","GTP cyclohydrolase activity","up"
"757","GO:0051748","UDP-sugar pyrophosphorylase activity","up"
"758","GO:0017084","delta1-pyrroline-5-carboxylate synthetase activity","up"
"759","GO:0004754","saccharopine dehydrogenase (NAD+, L-lysine-forming) activity","up"
"760","GO:0022829","wide pore channel activity","up"
"761","GO:0003934","GTP cyclohydrolase I activity","up"
"762","GO:0017095","heparan sulfate 6-O-sulfotransferase activity","up"
"763","GO:0005243","gap junction channel activity","up"
"764","GO:0004349","glutamate 5-kinase activity","up"
"765","GO:0000099","sulfur amino acid transmembrane transporter activity","up"
"766","GO:0046899","nucleoside triphosphate adenylate kinase activity","up"
"767","GO:0004046","aminoacylase activity","up"
"768","GO:0051185","coenzyme transporter activity","up"
"769","GO:0031491","nucleosome binding","up"
"770","GO:0003983","UTP:glucose-1-phosphate uridylyltransferase activity","up"
"771","GO:0004350","glutamate-5-semialdehyde dehydrogenase activity","up"
"772","GO:0008521","acetyl-CoA transporter activity","up"
"773","GO:0016484","proprotein convertase 2 activator activity","up"
"774","GO:0004019","adenylosuccinate synthase activity","up"
"775","GO:0004753","saccharopine dehydrogenase activity","up"
"776","GO:0016791","phosphoric monoester hydrolase activity","up"
"777","GO:0007520","myoblast fusion","up"
"778","GO:0045433","male courtship behavior, veined wing generated song production","up"
"779","GO:0016545","male courtship behavior, veined wing vibration","up"
"780","GO:0006396","RNA processing","up"
"781","GO:0006527","arginine catabolic process","down"
"782","GO:0006525","arginine metabolic process","down"
"783","GO:0000051","urea cycle intermediate metabolic process","down"
"784","GO:0005198","structural molecule activity","down"
"785","GO:0051320","S phase","down"
"786","GO:0045750","positive regulation of S phase of mitotic cell cycle","down"
"787","GO:0033261","regulation of progression through S phase","down"
"788","GO:0007090","regulation of S phase of mitotic cell cycle","down"
"789","GO:0000084","S phase of mitotic cell cycle","down"
"790","GO:0045931","positive regulation of progression through mitotic cell cycle","down"
"791","GO:0006367","transcription initiation from RNA polymerase II promoter","down"
"792","GO:0006352","transcription initiation","down"
"793","GO:0016651","oxidoreductase activity, acting on NADH or NADPH","down"
"794","GO:0030508","thiol-disulfide exchange intermediate activity","down"
"795","GO:0051325","interphase","down"
"796","GO:0051329","interphase of mitotic cell cycle","down"
"797","GO:0045787","positive regulation of progression through cell cycle","down"
"798","GO:0009065","glutamine family amino acid catabolic process","down"
"799","GO:0015036","disulfide oxidoreductase activity","down"
"800","GO:0009056","catabolic process","down"
"801","GO:0065004","protein-DNA complex assembly","down"
"802","GO:0016251","general RNA polymerase II transcription factor activity","down"
"803","GO:0016455","RNA polymerase II transcription mediator activity","down"
"804","GO:0015077","monovalent inorganic cation transmembrane transporter activity","down"
"805","GO:0015078","hydrogen ion transmembrane transporter activity","down"
"806","GO:0006082","organic acid metabolic process","down"
"807","GO:0019752","carboxylic acid metabolic process","down"
"808","GO:0004634","phosphopyruvate hydratase activity","down"
"809","GO:0017151","DEAD/H-box RNA helicase binding","down"
"810","GO:0008117","sphinganine-1-phosphate aldolase activity","down"
"811","GO:0017047","adrenocorticotropin-releasing hormone binding","down"
"812","GO:0004799","thymidylate synthase activity","down"
"813","GO:0004619","phosphoglycerate mutase activity","down"
"814","GO:0017046","peptide hormone binding","down"
"815","GO:0016749","N-succinyltransferase activity","down"
"816","GO:0004587","ornithine-oxo-acid transaminase activity","down"
"817","GO:0004074","biliverdin reductase activity","down"
"818","GO:0015183","L-aspartate transmembrane transporter activity","down"
"819","GO:0004740","[pyruvate dehydrogenase (lipoamide)] kinase activity","down"
"820","GO:0004102","choline O-acetyltransferase activity","down"
"821","GO:0003959","NADPH dehydrogenase activity","down"
"822","GO:0005369","taurine:sodium symporter activity","down"
"823","GO:0042083","5,10-methylenetetrahydrofolate-dependent methyltransferase activity","down"
"824","GO:0003870","5-aminolevulinate synthase activity","down"
"825","GO:0035174","histone serine kinase activity","down"
"826","GO:0030616","transforming growth factor beta receptor, common-partner cytoplasmic mediator activity","down"
"827","GO:0005368","taurine transmembrane transporter activity","down"
"828","GO:0019544","arginine catabolic process to glutamate","down"
"829","GO:0009894","regulation of catabolic process","down"
"830","GO:0042176","regulation of protein catabolic process","down"
"831","GO:0032049","cardiolipin biosynthetic process","down"
"832","GO:0006591","ornithine metabolic process","down"
"833","GO:0015734","taurine transport","down"
"834","GO:0032048","cardiolipin metabolic process","down"
"835","GO:0008292","acetylcholine biosynthetic process","down"
"836","GO:0015718","monocarboxylic acid transport","down"
"837","GO:0009263","deoxyribonucleotide biosynthetic process","down"
"838","GO:0000117","G2/M-specific transcription in mitotic cell cycle","down"
"839","GO:0019547","arginine catabolic process to ornithine","down"
"840","GO:0009262","deoxyribonucleotide metabolic process","down"
"841","GO:0006404","RNA import into nucleus","down"
"842","GO:0000074","regulation of progression through cell cycle","down"
"843","GO:0009064","glutamine family amino acid metabolic process","down"
"844","GO:0003735","structural constituent of ribosome","down"
"845","GO:0051726","regulation of cell cycle","down"
"846","GO:0044248","cellular catabolic process","down"
"847","GO:0003954","NADH dehydrogenase activity","down"
"848","GO:0006120","mitochondrial electron transport, NADH to ubiquinone","down"
"849","GO:0006118","electron transport","down"
"850","GO:0009055","electron carrier activity","down"
"851","GO:0006519","amino acid and derivative metabolic process","down"
"852","GO:0016491","oxidoreductase activity","down"
"853","GO:0008152","metabolic process","down"
"854","GO:0030163","protein catabolic process","down"
"855","GO:0009063","amino acid catabolic process","down"
"856","GO:0016748","succinyltransferase activity","down"
"857","GO:0016509","long-chain-3-hydroxyacyl-CoA dehydrogenase activity","down"
"858","GO:0005313","L-glutamate transmembrane transporter activity","down"
"859","GO:0008453","alanine-glyoxylate transaminase activity","down"
"860","GO:0015172","acidic amino acid transmembrane transporter activity","down"
"861","GO:0035173","histone kinase activity","down"
"862","GO:0008474","palmitoyl-(protein) hydrolase activity","down"
"863","GO:0016986","transcription initiation factor activity","down"
"864","GO:0004551","nucleotide diphosphatase activity","down"
"865","GO:0016413","O-acetyltransferase activity","down"
"866","GO:0016253","UDP-N-acetylglucosamine-peptide N-acetylglucosaminyltransferase activity","down"
"867","GO:0005252","open rectifier potassium channel activity","down"
"868","GO:0004053","arginase activity","down"
"869","GO:0016628","oxidoreductase activity, acting on the CH-CH group of donors, NAD or NADP as acceptor","down"
"870","GO:0004829","threonine-tRNA ligase activity","down"
"871","GO:0015501","glutamate:sodium symporter activity","down"
"872","GO:0006983","ER overload response","down"
"873","GO:0008291","acetylcholine metabolic process","down"
"874","GO:0019794","nonprotein amino acid metabolic process","down"
"875","GO:0046426","negative regulation of JAK-STAT cascade","down"
"876","GO:0042787","protein ubiquitination during ubiquitin-dependent protein catabolic process","down"
"877","GO:0051237","maintenance of RNA localization","down"
"878","GO:0046594","maintenance of pole plasm mRNA localization","down"
"879","GO:0051716","cellular response to stimulus","down"
"880","GO:0006435","threonyl-tRNA aminoacylation","down"
"881","GO:0033554","cellular response to stress","down"
"882","GO:0009308","amine metabolic process","down"
"883","GO:0006510","ATP-dependent proteolysis","down"
"884","GO:0051082","unfolded protein binding","down"
"885","GO:0006807","nitrogen compound metabolic process","down"
"886","GO:0022890","inorganic cation transmembrane transporter activity","down"
"887","GO:0009310","amine catabolic process","down"
"888","GO:0044270","nitrogen compound catabolic process","down"
"889","GO:0046683","response to organophosphorus","down"
"890","GO:0006581","acetylcholine catabolic process","down"
"891","GO:0008272","sulfate transport","down"
"892","GO:0019695","choline metabolic process","down"
"893","GO:0046681","response to carbamate","down"
"894","GO:0042426","choline catabolic process","down"
"895","GO:0042135","neurotransmitter catabolic process","down"
"896","GO:0016338","calcium-independent cell-cell adhesion","down"
"897","GO:0050916","sensory perception of sweet taste","down"
"898","GO:0004104","cholinesterase activity","down"
"899","GO:0003990","acetylcholinesterase activity","down"
"900","GO:0005415","nucleoside:sodium symporter activity","down"
"901","GO:0004720","protein-lysine 6-oxidase activity","down"
"902","GO:0003709","RNA polymerase III transcription factor activity","down"
"903","GO:0004139","deoxyribose-phosphate aldolase activity","down"
"904","GO:0016477","cell migration","down"
"905","GO:0006928","cell motility","down"
"906","GO:0035234","germ cell programmed cell death","down"
"907","GO:0007158","neuron adhesion","down"
"908","GO:0006434","seryl-tRNA aminoacylation","down"
"909","GO:0051674","localization of cell","down"
"910","GO:0004596","peptide alpha-N-acetyltransferase activity","down"
"911","GO:0004948","calcitonin receptor activity","down"
"912","GO:0003886","DNA (cytosine-5-)-methyltransferase activity","down"
"913","GO:0004930","G-protein coupled receptor activity","down"
"914","GO:0019915","sequestering of lipid","down"
"915","GO:0006359","regulation of transcription from RNA polymerase III promoter","down"
"916","GO:0004828","serine-tRNA ligase activity","down"
"917","GO:0009008","DNA-methyltransferase activity","down"
"918","GO:0001633","secretin-like receptor activity","down"
"919","GO:0008431","vitamin E binding","down"
"920","GO:0007186","G-protein coupled receptor protein signaling pathway","down"
"921","GO:0022857","transmembrane transporter activity","down"
"922","GO:0042439","ethanolamine and derivative metabolic process","down"
"923","GO:0050829","defense response to Gram-negative bacterium","down"
"924","GO:0042402","biogenic amine catabolic process","down"
"925","GO:0046983","protein dimerization activity","down"
"926","GO:0022804","active transmembrane transporter activity","down"
"927","GO:0016918","retinal binding","down"
"928","GO:0016641","oxidoreductase activity, acting on the CH-NH2 group of donors, oxygen as acceptor","down"
"929","GO:0016832","aldehyde-lyase activity","down"
"930","GO:0042219","amino acid derivative catabolic process","down"
"931","GO:0005215","transporter activity","down"
"932","GO:0009416","response to light stimulus","down"
"933","GO:0008527","taste receptor activity","down"
"934","GO:0015932","nucleobase, nucleoside, nucleotide and nucleic acid transmembrane transporter activity","down"
"935","GO:0005337","nucleoside transmembrane transporter activity","down"
"936","GO:0005234","extracellular-glutamate-gated ion channel activity","down"
"937","GO:0008271","secondary active sulfate transmembrane transporter activity","down"
"938","GO:0015116","sulfate transmembrane transporter activity","down"
"939","GO:0031290","retinal ganglion cell axon guidance","down"
"940","GO:0017085","response to insecticide","down"
"941","GO:0007157","heterophilic cell adhesion","down"
"942","GO:0042773","ATP synthesis coupled electron transport","down"
"943","GO:0042775","organelle ATP synthesis coupled electron transport","down"
"944","GO:0006119","oxidative phosphorylation","down"
"945","GO:0006123","mitochondrial electron transport, cytochrome c to oxygen","down"
"946","GO:0016675","oxidoreductase activity, acting on heme group of donors","down"
"947","GO:0015002","heme-copper terminal oxidase activity","down"
"948","GO:0004129","cytochrome-c oxidase activity","down"
"949","GO:0016676","oxidoreductase activity, acting on heme group of donors, oxygen as acceptor","down"
"950","GO:0006091","generation of precursor metabolites and energy","down"
"951","GO:0008324","cation transmembrane transporter activity","down"
"952","GO:0050136","NADH dehydrogenase (quinone) activity","down"
"953","GO:0008137","NADH dehydrogenase (ubiquinone) activity","down"
"954","GO:0016655","oxidoreductase activity, acting on NADH or NADPH, quinone or similar compound as acceptor","down"
"955","GO:0015075","ion transmembrane transporter activity","down"
"956","GO:0022891","substrate-specific transmembrane transporter activity","down"
"957","GO:0022892","substrate-specific transporter activity","down"
"958","GO:0004091","carboxylesterase activity","down"
"959","GO:0015992","proton transport","down"
"960","GO:0006818","hydrogen transport","down"
"961","GO:0016776","phosphotransferase activity, phosphate group as acceptor","down"
"962","GO:0015405","P-P-bond-hydrolysis-driven transmembrane transporter activity","down"
"963","GO:0015399","primary active transmembrane transporter activity","down"
"964","GO:0004806","triacylglycerol lipase activity","down"
"965","GO:0016830","carbon-carbon lyase activity","down"
"966","GO:0044237","cellular metabolic process","down"
"967","GO:0006580","ethanolamine metabolic process","down"
"968","GO:0018215","protein amino acid phosphopantetheinylation","down"
"969","GO:0046335","ethanolamine biosynthetic process","down"
"970","GO:0006646","phosphatidylethanolamine biosynthetic process","down"
"971","GO:0046337","phosphatidylethanolamine metabolic process","down"
"972","GO:0046959","habituation","down"
"973","GO:0016298","lipase activity","down"
"974","GO:0004638","phosphoribosylaminoimidazole carboxylase activity","down"
"975","GO:0008506","sucrose:hydrogen symporter activity","down"
"976","GO:0015925","galactosidase activity","down"
"977","GO:0004398","histidine decarboxylase activity","down"
"978","GO:0004392","heme oxygenase (decyclizing) activity","down"
"979","GO:0008892","guanine deaminase activity","down"
"980","GO:0047057","vitamin-K-epoxide reductase (warfarin-sensitive) activity","down"
"981","GO:0015154","disaccharide transmembrane transporter activity","down"
"982","GO:0008515","sucrose transmembrane transporter activity","down"
"983","GO:0019895","kinesin-associated mitochondrial adaptor activity","down"
"984","GO:0004747","ribokinase activity","down"
"985","GO:0005243","gap junction channel activity","down"
"986","GO:0005402","cation:sugar symporter activity","down"
"987","GO:0005403","hydrogen:sugar symporter activity","down"
"988","GO:0016900","oxidoreductase activity, acting on the CH-OH group of donors, disulfide as acceptor","down"
"989","GO:0008897","phosphopantetheinyltransferase activity","down"
"990","GO:0004128","cytochrome-b5 reductase activity","down"
"991","GO:0016920","pyroglutamyl-peptidase activity","down"
"992","GO:0004219","pyroglutamyl-peptidase I activity","down"
"993","GO:0008430","selenium binding","down"
"994","GO:0004631","phosphomevalonate kinase activity","down"
"995","GO:0004164","diphthine synthase activity","down"
"996","GO:0035049","juvenile hormone acid methyltransferase activity","down"
"997","GO:0004565","beta-galactosidase activity","down"
"998","GO:0018392","glycoprotein 3-alpha-L-fucosyltransferase activity","down"
"999","GO:0017051","retinol dehydratase activity","down"
"1000","GO:0022829","wide pore channel activity","down"
"1001","GO:0004639","phosphoribosylaminoimidazolesuccinocarboxamide synthase activity","down"
"1002","GO:0003824","catalytic activity","down"
"1003","GO:0008553","hydrogen-exporting ATPase activity, phosphorylative mechanism","down"
"1004","GO:0022884","macromolecule transmembrane transporter activity","down"
"1005","GO:0015450","protein transmembrane transporter activity","down"
"1006","GO:0046246","terpene biosynthetic process","down"
"1007","GO:0006172","ADP biosynthetic process","down"
"1008","GO:0017183","peptidyl-diphthamide biosynthetic process from peptidyl-histidine","down"
"1009","GO:0009133","nucleoside diphosphate biosynthetic process","down"
"1010","GO:0009179","purine ribonucleoside diphosphate metabolic process","down"
"1011","GO:0016106","sesquiterpenoid biosynthetic process","down"
"1012","GO:0006718","juvenile hormone biosynthetic process","down"
"1013","GO:0016114","terpenoid biosynthetic process","down"
"1014","GO:0009135","purine nucleoside diphosphate metabolic process","down"
"1015","GO:0017182","peptidyl-diphthamide metabolic process","down"
"1016","GO:0009188","ribonucleoside diphosphate biosynthetic process","down"
"1017","GO:0051762","sesquiterpene biosynthetic process","down"
"1018","GO:0046031","ADP metabolic process","down"
"1019","GO:0009185","ribonucleoside diphosphate metabolic process","down"
"1020","GO:0009180","purine ribonucleoside diphosphate biosynthetic process","down"
"1021","GO:0018202","peptidyl-histidine modification","down"
"1022","GO:0019896","axon transport of mitochondrion","down"
"1023","GO:0031053","primary microRNA processing","down"
"1024","GO:0009136","purine nucleoside diphosphate biosynthetic process","down"
"1025","GO:0016812","hydrolase activity, acting on carbon-nitrogen (but not peptide) bonds, in cyclic amides","down"
"1026","GO:0004295","trypsin activity","down"
"1027","GO:0004364","glutathione transferase activity","down"
"1028","GO:0009881","photoreceptor activity","down"
"1029","GO:0008020","G-protein coupled photoreceptor activity","down"
"1030","GO:0004252","serine-type endopeptidase activity","down"
"1031","GO:0005509","calcium ion binding","down"
"1032","GO:0008513","secondary active organic cation transmembrane transporter activity","down"
"1033","GO:0006726","eye pigment biosynthetic process","down"
"1034","GO:0042441","eye pigment metabolic process","down"
"1035","GO:0004089","carbonate dehydratase activity","down"
"1036","GO:0008236","serine-type peptidase activity","down"
"1037","GO:0042752","regulation of circadian rhythm","down"
"1038","GO:0022410","circadian sleep/wake cycle process","down"
"1039","GO:0045187","regulation of circadian sleep/wake cycle, sleep","down"
"1040","GO:0050802","circadian sleep/wake cycle, sleep","down"
"1041","GO:0042749","regulation of circadian sleep/wake cycle","down"
"1042","GO:0042745","circadian sleep/wake cycle","down"
"1043","GO:0043169","cation binding","down"
"1044","GO:0046872","metal ion binding","down"
"1045","GO:0015101","organic cation transmembrane transporter activity","down"
"1046","GO:0017171","serine hydrolase activity","down"
"1047","GO:0043167","ion binding","down"
"1048","GO:0030431","sleep","down"
"1049","GO:0006936","muscle contraction","down"
"1050","GO:0048069","eye pigmentation","down"
"1051","GO:0004175","endopeptidase activity","down"
"1052","GO:0006952","defense response","down"
"1053","GO:0019748","secondary metabolic process","down"
"1054","GO:0016038","absorption of visible light","down"
"1055","GO:0009253","peptidoglycan catabolic process","down"
"1056","GO:0007215","glutamate signaling pathway","down"
"1057","GO:0009588","UV-A, blue light phototransduction","down"
"1058","GO:0007208","serotonin receptor, phospholipase C activating pathway","down"
"1059","GO:0000270","peptidoglycan metabolic process","down"
"1060","GO:0042249","establishment of polarity of embryonic epithelium","down"
"1061","GO:0007429","secondary branching, open tracheal system","down"
"1062","GO:0009407","toxin catabolic process","down"
"1063","GO:0007198","serotonin receptor, adenylate cyclase inhibiting pathway","down"
"1064","GO:0042274","ribosomal small subunit biogenesis and assembly","down"
"1065","GO:0007216","metabotropic glutamate receptor signaling pathway","down"
"1066","GO:0042178","xenobiotic catabolic process","down"
"1067","GO:0006284","base-excision repair","down"
"1068","GO:0046701","insecticide catabolic process","down"
"1069","GO:0007193","G-protein signaling, adenylate cyclase inhibiting pathway","down"
"1070","GO:0006021","inositol biosynthetic process","down"
"1071","GO:0007602","phototransduction","down"
"1072","GO:0030674","protein binding, bridging","down"
"1073","GO:0005070","SH3/SH2 adaptor activity","down"
"1074","GO:0045944","positive regulation of transcription from RNA polymerase II promoter","down"
"1075","GO:0004527","exonuclease activity","down"
"1076","GO:0008524","glucose 6-phosphate:phosphate antiporter activity","down"
"1077","GO:0016716","oxidoreductase activity, acting on paired donors, with incorporation or reduction of molecular oxygen, another compound as one donor, and incorporation of one atom of oxygen","down"
"1078","GO:0003705","RNA polymerase II transcription factor activity, enhancer binding","down"
"1079","GO:0016018","cyclosporin A binding","down"
"1080","GO:0004170","dUTP diphosphatase activity","down"
"1081","GO:0047429","nucleoside-triphosphate diphosphatase activity","down"
"1082","GO:0004512","inositol-3-phosphate synthase activity","down"
"1083","GO:0004503","monophenol monooxygenase activity","down"
"1084","GO:0016872","intramolecular lyase activity","down"
"1085","GO:0003943","N-acetylgalactosamine-4-sulfatase activity","down"
"1086","GO:0004157","dihydropyrimidinase activity","down"
"1087","GO:0001586","5-HT1 receptor activity","down"
"1088","GO:0017168","5-oxoprolinase (ATP-hydrolyzing) activity","down"
"1089","GO:0008970","phospholipase A1 activity","down"
"1090","GO:0003934","GTP cyclohydrolase I activity","down"
"1091","GO:0003933","GTP cyclohydrolase activity","down"
"1092","GO:0008319","prenyl protein specific endopeptidase activity","down"
"1093","GO:0008503","benzodiazepine receptor activity","down"
"1094","GO:0015315","organophosphate:inorganic phosphate antiporter activity","down"
"1095","GO:0019186","acyl-CoA N-acyltransferase activity","down"
"1096","GO:0050962","detection of light stimulus during sensory perception","down"
"1097","GO:0050908","detection of light stimulus during visual perception","down"
"1098","GO:0042659","regulation of cell fate specification","down"
"1099","GO:0009996","negative regulation of cell fate specification","down"
"1100","GO:0009583","detection of light stimulus","down"
"1101","GO:0046148","pigment biosynthetic process","down"
"1102","GO:0009584","detection of visible light","down"
"1103","GO:0050953","sensory perception of light stimulus","down"
"1104","GO:0007601","visual perception","down"
"1105","GO:0004693","cyclin-dependent protein kinase activity","down"
"1106","GO:0004518","nuclease activity","down"
"1107","GO:0006508","proteolysis","down"
"1108","GO:0050906","detection of stimulus during sensory perception","down"
"1109","GO:0009582","detection of abiotic stimulus","down"
"1110","GO:0004520","endodeoxyribonuclease activity","down"
"1111","GO:0015171","amino acid transmembrane transporter activity","down"
"1112","GO:0060090","molecular adaptor activity","down"
"1113","GO:0006357","regulation of transcription from RNA polymerase II promoter","down"
"1114","GO:0043473","pigmentation","down"
"1115","GO:0048066","pigmentation during development","down"
"1116","GO:0009581","detection of external stimulus","down"
"1117","GO:0006626","protein targeting to mitochondrion","down"
"1118","GO:0016681","oxidoreductase activity, acting on diphenols and related substances as donors, cytochrome as acceptor","down"
"1119","GO:0008121","ubiquinol-cytochrome-c reductase activity","down"
"1120","GO:0006122","mitochondrial electron transport, ubiquinol to cytochrome c","down"
"1121","GO:0000146","microfilament motor activity","down"
"1122","GO:0006729","tetrahydrobiopterin biosynthetic process","down"
"1123","GO:0046146","tetrahydrobiopterin metabolic process","down"
"1124","GO:0016679","oxidoreductase activity, acting on diphenols and related substances as donors","down"
"1125","GO:0003899","DNA-directed RNA polymerase activity","down"
"1126","GO:0008565","protein transporter activity","down"
"1127","GO:0005375","copper ion transmembrane transporter activity","down"
"1128","GO:0006839","mitochondrial transport","down"
"1129","GO:0006412","translation","down"
"1130","GO:0007498","mesoderm development","down"
"1131","GO:0009058","biosynthetic process","down"
"1132","GO:0016705","oxidoreductase activity, acting on paired donors, with incorporation or reduction of molecular oxygen","down"
"1133","GO:0007155","cell adhesion","down"
"1134","GO:0022610","biological adhesion","down"
"1135","GO:0009059","macromolecule biosynthetic process","down"
"1136","GO:0003796","lysozyme activity","down"
"1137","GO:0008109","N-acetyllactosaminide beta-1,6-N-acetylglucosaminyltransferase activity","down"
"1138","GO:0003868","4-hydroxyphenylpyruvate dioxygenase activity","down"
"1139","GO:0004395","hexaprenyldihydroxybenzoate methyltransferase activity","down"
"1140","GO:0004367","glycerol-3-phosphate dehydrogenase (NAD+) activity","down"
"1141","GO:0003999","adenine phosphoribosyltransferase activity","down"
"1142","GO:0048038","quinone binding","down"
"1143","GO:0003837","beta-ureidopropionase activity","down"
"1144","GO:0010420","polyprenyldihydroxybenzoate methyltransferase activity","down"
"1145","GO:0030580","quinone cofactor methyltransferase activity","down"
"1146","GO:0016838","carbon-oxygen lyase activity, acting on phosphates","down"
"1147","GO:0015088","copper uptake transmembrane transporter activity","down"
"1148","GO:0008169","C-methyltransferase activity","down"
"1149","GO:0003874","6-pyruvoyltetrahydropterin synthase activity","down"
"1150","GO:0003785","actin monomer binding","down"
"1151","GO:0008531","riboflavin kinase activity","down"
"1152","GO:0004213","cathepsin B activity","down"
"1153","GO:0008124","4-alpha-hydroxytetrahydrobiopterin dehydratase activity","down"
"1154","GO:0048039","ubiquinone binding","down"
"1155","GO:0008425","2-polyprenyl-6-methoxy-1,4-benzoquinone methyltransferase activity","down"
"1156","GO:0009231","riboflavin biosynthetic process","down"
"1157","GO:0000391","U2-dependent spliceosome disassembly","down"
"1158","GO:0000390","spliceosome disassembly","down"
"1159","GO:0045822","negative regulation of heart contraction","down"
"1160","GO:0006127","glycerophosphate shuttle","down"
"1161","GO:0043101","purine salvage","down"
"1162","GO:0006166","purine ribonucleoside salvage","down"
"1163","GO:0042726","riboflavin and derivative metabolic process","down"
"1164","GO:0006771","riboflavin metabolic process","down"
"1165","GO:0030104","water homeostasis","down"
"1166","GO:0043094","metabolic compound salvage","down"
"1167","GO:0018987","osmoregulation","down"
"1168","GO:0006072","glycerol-3-phosphate metabolic process","down"
"1169","GO:0043174","nucleoside salvage","down"
"1170","GO:0042727","riboflavin and derivative biosynthetic process","down"
"1171","GO:0032988","protein-RNA complex disassembly","down"
"1172","GO:0004867","serine-type endopeptidase inhibitor activity","down"
"1173","GO:0030414","protease inhibitor activity","down"
"1174","GO:0004866","endopeptidase inhibitor activity","down"
"1175","GO:0016543","male courtship behavior, orientation prior to leg tapping and wing vibration","down"
"1176","GO:0048047","mating behavior, sex discrimination","down"
"1177","GO:0004648","phosphoserine transaminase activity","down"
"1178","GO:0004516","nicotinate phosphoribosyltransferase activity","down"
"1179","GO:0008084","imaginal disc growth factor activity","down"
"1180","GO:0006644","phospholipid metabolic process","down"
"1181","GO:0006684","sphingomyelin metabolic process","down"
"1182","GO:0008614","pyridoxine metabolic process","down"
"1183","GO:0008615","pyridoxine biosynthetic process","down"
"1184","GO:0006555","methionine metabolic process","down"
"1185","GO:0042816","vitamin B6 metabolic process","down"
"1186","GO:0006833","water transport","down"
"1187","GO:0042819","vitamin B6 biosynthetic process","down"
"1188","GO:0008242","omega peptidase activity","down"
"1189","GO:0004523","ribonuclease H activity","down"
"1190","GO:0004305","ethanolamine kinase activity","down"
"1191","GO:0042834","peptidoglycan binding","down"
"1192","GO:0004103","choline kinase activity","down"
"1193","GO:0009309","amine biosynthetic process","down"
"1194","GO:0017111","nucleoside-triphosphatase activity","down"
"1195","GO:0044271","nitrogen compound biosynthetic process","down"
"1196","GO:0016462","pyrophosphatase activity","down"
"1197","GO:0016818","hydrolase activity, acting on acid anhydrides, in phosphorus-containing anhydrides","down"
"1198","GO:0016817","hydrolase activity, acting on acid anhydrides","down"
"1199","GO:0006643","membrane lipid metabolic process","down"
"1200","GO:0044255","cellular lipid metabolic process","down"
"1201","GO:0006563","L-serine metabolic process","down"
"1202","GO:0046958","nonassociative learning","down"
"1203","GO:0009410","response to xenobiotic stimulus","down"
"1204","GO:0006564","L-serine biosynthetic process","down"
"1205","GO:0006805","xenobiotic metabolic process","down"
"1206","GO:0019889","pteridine metabolic process","down"
"1207","GO:0009404","toxin metabolic process","down"
"1208","GO:0009615","response to virus","down"
"1209","GO:0017143","insecticide metabolic process","down"
"1210","GO:0006728","pteridine biosynthetic process","down"
"1211","GO:0004857","enzyme inhibitor activity","down"
"1212","GO:0006629","lipid metabolic process","down"
"1213","GO:0019003","GDP binding","down"
"1214","GO:0004767","sphingomyelin phosphodiesterase activity","down"
"1215","GO:0015250","water channel activity","down"
"1216","GO:0032036","myosin heavy chain binding","down"
"1217","GO:0007638","mechanosensory behavior","down"
"1218","GO:0008306","associative learning","down"
"1219","GO:0042364","water-soluble vitamin biosynthetic process","down"
"1220","GO:0051294","establishment of spindle orientation","down"
"1221","GO:0009070","serine family amino acid biosynthetic process","down"
"1222","GO:0009888","tissue development","down"
"1223","GO:0007417","central nervous system development","down"
"1224","GO:0008104","protein localization","down"
"1225","GO:0003924","GTPase activity","down"
"1226","GO:0008175","tRNA methyltransferase activity","down"
"1227","GO:0008610","lipid biosynthetic process","down"
"1228","GO:0008171","O-methyltransferase activity","down"
"1229","GO:0016485","protein processing","down"
"1230","GO:0008417","fucosyltransferase activity","down"
"1231","GO:0044260","cellular macromolecule metabolic process","down"
"1232","GO:0008645","hexose transport","down"
"1233","GO:0006304","DNA modification","down"
"1234","GO:0006306","DNA methylation","down"
"1235","GO:0006305","DNA alkylation","down"
"1236","GO:0007313","maternal determination of dorsal/ventral axis, oocyte, soma encoded","down"
"1237","GO:0048728","proboscis development","down"
"1238","GO:0035213","clypeo-labral disc development","down"
"1239","GO:0004303","estradiol 17-beta-dehydrogenase activity","down"
"1240","GO:0004394","heparan sulfate 2-O-sulfotransferase activity","down"
"1241","GO:0015185","L-gamma-aminobutyric acid transmembrane transporter activity","down"
"1242","GO:0008322","Pro-X carboxypeptidase activity","down"
"1243","GO:0004188","serine-type Pro-X carboxypeptidase activity","down"
"1244","GO:0044267","cellular protein metabolic process","down"
"1245","GO:0019538","protein metabolic process","down"
"1246","GO:0003995","acyl-CoA dehydrogenase activity","down"
"1247","GO:0006520","amino acid metabolic process","down"
"1248","GO:0001871","pattern binding","down"
"1249","GO:0016645","oxidoreductase activity, acting on the CH-NH group of donors","down"
"1250","GO:0008643","carbohydrate transport","down"
"1251","GO:0008061","chitin binding","down"
"1252","GO:0008168","methyltransferase activity","down"
"1253","GO:0016741","transferase activity, transferring one-carbon groups","down"
"1254","GO:0008757","S-adenosylmethionine-dependent methyltransferase activity","down"
"1255","GO:0015781","pyrimidine nucleotide-sugar transport","down"
"1256","GO:0015780","nucleotide-sugar transport","down"
"1257","GO:0004550","nucleoside diphosphate kinase activity","down"
"1258","GO:0006399","tRNA metabolic process","down"
"1259","GO:0016614","oxidoreductase activity, acting on CH-OH group of donors","down"
"1260","GO:0008219","cell death","down"
"1261","GO:0016620","oxidoreductase activity, acting on the aldehyde or oxo group of donors, NAD or NADP as acceptor","down"
"1262","GO:0016265","death","down"
"1263","GO:0042445","hormone metabolic process","down"
"1264","GO:0016835","carbon-oxygen lyase activity","down"
"1265","GO:0007031","peroxisome organization and biogenesis","down"
"1266","GO:0006418","tRNA aminoacylation for protein translation","down"
"1267","GO:0043068","positive regulation of programmed cell death","down"
"1268","GO:0043039","tRNA aminoacylation","down"
"1269","GO:0009081","branched chain family amino acid metabolic process","down"
"1270","GO:0000723","telomere maintenance","down"
"1271","GO:0015749","monosaccharide transport","down"
"1272","GO:0032200","telomere organization and biogenesis","down"
"1273","GO:0004497","monooxygenase activity","down"
"1274","GO:0012501","programmed cell death","down"
"1275","GO:0016490","structural constituent of peritrophic membrane","down"
"1276","GO:0016229","steroid dehydrogenase activity","down"
"1277","GO:0016854","racemase and epimerase activity","down"
"1278","GO:0000049","tRNA binding","down"
"1279","GO:0043065","positive regulation of apoptosis","down"
"1280","GO:0043038","amino acid activation","down"
"1281","GO:0051186","cofactor metabolic process","down"
"1282","GO:0006732","coenzyme metabolic process","down"
"1283","GO:0044249","cellular biosynthetic process","down"
"1284","GO:0016646","oxidoreductase activity, acting on the CH-NH group of donors, NAD or NADP as acceptor","down"
"1285","GO:0030247","polysaccharide binding","down"
